{"cameraMode":{"drawMode":2,"name":"Shaded Wireframe","section":"Shading Mode"},"sceneLighting":false,"audioPlay":false,"sceneViewState":{"showFog":true,"showMaterialUpdate":false,"showSkybox":true,"showFlares":true,"showImageEffects":true,"showParticleSystems":true},"in2DMode":false,"pivot":{"x":-0.4390278458595276,"y":-0.45542705059051516,"z":-0.7302248477935791},"rotation":{"x":-0.006344777066260576,"y":0.9804631471633911,"z":-0.1939665675163269,"w":-0.03207160532474518},"size":1.8011531829833985,"orthographic":false}