{"cameraMode":{"drawMode":2,"name":"Shaded Wireframe","section":"Shading Mode"},"sceneLighting":false,"audioPlay":false,"sceneViewState":{"showFog":true,"showMaterialUpdate":false,"showSkybox":true,"showFlares":true,"showImageEffects":true,"showParticleSystems":true},"in2DMode":false,"pivot":{"x":-0.1441802978515625,"y":-0.225341796875,"z":0.0380859375},"rotation":{"x":0.0006924821063876152,"y":0.9880772233009338,"z":-0.15388427674770356,"w":0.004446425475180149},"size":0.7283282279968262,"orthographic":true}